{"envelope":{"feature":{"type":"Feature", "geometry":{"type":"Polygon", "coordinates":[[[-122.2487354, 37.5181339], [-122.2481775, 37.5121769], [-122.2457314, 37.5086705], [-122.2466755, 37.5083982], [-122.2543144, 37.5148321], [-122.2537994, 37.5157171], [-122.250967, 37.5177254], [-122.2487354, 37.5181339]]]}, "properties":{"urlpubtimedate":"2017-05-24T06:00:00Z", "name":"Airport", "urltone":-0.6, "domain":"4-traders.com", "urllangcode":"eng", "urlsocialimage":"", "url":"http://www.4-traders.com/MORPHOSYS-AG-436425/news/DGAP-News-MorphoSys-to-Present-at-Three-Upcoming-Conferences-24475712/", "geores":4, "mentionedthemes":";TAX_DISEASE_DISEASES;WB_1406_DISEASES;WB_621_HEALTH_NUTRITION_AND_POPULATION;UNGP_HEALTHCARE;TAX_FNCACT_EXECUTIVE_OFFICER;TAX_FNCACT_CHIEF_EXECUTIVE_OFFICER;TAX_MILITARY_TITLE_OFFICER;TAX_FNCACT_OFFICER;TAX_FNCACT_EXECUTIVE_OFFICER;TAX_FNCACT_CHIEF_EXECUTIVE_OFFICER;TAX_MILITARY_TITLE_OFFICER;TAX_FNCACT_OFFICER;TAX_FNCACT_EXECUTIVE;TAX_FNCACT_CHIEF_EXECUTIVE;TAX_FNCACT_EXECUTIVE;TAX_FNCACT_CHIEF_EXECUTIVE;TAX_FNCACT_PRESENTER;TAX_FNCACT_PRESENTER;TAX_FNCACT_CHIEF;TAX_FNCACT_CHIEF;CRISISLEX_T02_INJURED;", "mentionednames":";Palos_Verdes;Morphosys_Morphosys;Simon_Moroney;Simon_Moroney;", "OBJECTID":32345}}, "ctsRegion":"POLYGON((-122.24874 37.518134,-122.24818 37.512177,-122.24573 37.508671,-122.24668 37.508398,-122.25431 37.514832,-122.2538 37.515717,-122.25097 37.517725,-122.24874 37.518134))"}}