{
"envelope": {
"feature": {
"type": "Feature", 
"geometry": {
"type": "LineString", 
"coordinates": [
[
-122.255516052246, 
37.5178956189435
]
, 
[
-122.233371734619, 
37.5114960369649
]
, 
[
-122.236976623535, 
37.4927026040524
]
, 
[
-122.262554168701, 
37.491612984622
]
]
}
, 
"properties": {
"urlpubtimedate": "2017-05-24T06:00:00Z", 
"name": "Flyway", 
"urltone": -0.6, 
"domain": "4-traders.com", 
"urllangcode": "eng", 
"urlsocialimage": "", 
"url": "http://www.4-traders.com/MORPHOSYS-AG-436425/news/DGAP-News-MorphoSys-to-Present-at-Three-Upcoming-Conferences-24475712/", 
"geores": 5, 
"mentionedthemes": ";TAX_DISEASE_DISEASES;WB_1406_DISEASES;WB_621_HEALTH_NUTRITION_AND_POPULATION;UNGP_HEALTHCARE;TAX_FNCACT_EXECUTIVE_OFFICER;TAX_FNCACT_CHIEF_EXECUTIVE_OFFICER;TAX_MILITARY_TITLE_OFFICER;TAX_FNCACT_OFFICER;TAX_FNCACT_EXECUTIVE_OFFICER;TAX_FNCACT_CHIEF_EXECUTIVE_OFFICER;TAX_MILITARY_TITLE_OFFICER;TAX_FNCACT_OFFICER;TAX_FNCACT_EXECUTIVE;TAX_FNCACT_CHIEF_EXECUTIVE;TAX_FNCACT_EXECUTIVE;TAX_FNCACT_CHIEF_EXECUTIVE;TAX_FNCACT_PRESENTER;TAX_FNCACT_PRESENTER;TAX_FNCACT_CHIEF;TAX_FNCACT_CHIEF;CRISISLEX_T02_INJURED;", 
"mentionednames": ";Palos_Verdes;Morphosys_Morphosys;Simon_Moroney;Simon_Moroney;", 
"OBJECTID": 3895
}
}
, 
"ctsRegion": "LINESTRING(-122.25552 37.517896,-122.23337 37.511496,-122.23698 37.492703,-122.26255 37.491613)"
}
}
